team_id,market,name,alias,founded,mascot,fight_song,championships_won,conference_id,division_id,venue_id
200364e8-417b-4df6-91d5-9535c0616f1c,West Florida,Argonauts,UWFL,,,,,2d58e0bd-e249-48f5-b531-c22f5cf6e264,0c37e018-9a60-44dd-88af-e28ce4a4184b,
30abfee7-57a7-4984-9a1c-55cb28970da3,Charlotte,49ers,CHAR,1946,Norm the Niner,Charlotte 49ers Fight Song,0,49602742-5d66-412e-8a58-ab1e613d593c,43d3cede-6b8f-4158-bc7f-c3c7365e5b32,5189127d-ea58-4917-84b8-8456f3abb8b2
f6f4a672-6368-45aa-98d0-3756da844114,New Mexico State,Aggies,NMSU,1888,Pistol Pete,NMSU Fight Song,0,359cd6eb-de34-4ae2-90a2-6e80e4d4ff62,43d3cede-6b8f-4158-bc7f-c3c7365e5b32,170baa73-abb9-4247-8aea-190c51233841
6d9085d7-1a8a-4714-b8ee-d8a1b00d6a92,Oklahoma Panhandle State,Aggies,OPSU,,,,,50a92c00-888a-40c3-b223-9624dec9f2bd,a590be2a-ad78-4ca1-818b-a14b4c369100,
54585fd0-90d0-46bd-a018-d033fb2ee767,San Diego State,Aztecs,SDSU,1897,Montezuma,Fight On,0,82fb0ec0-4f49-4ab9-9bcc-fe782b015210,43d3cede-6b8f-4158-bc7f-c3c7365e5b32,7d20b630-56c3-11ec-9281-217a369cffb1
b38454be-5f7b-4da0-915e-f5ec909e6fa0,North Carolina A&T,Aggies,NCAT,1891,Aggie Dawg,Old Aggie Spirit ,0,7a56b889-96ba-4ec2-8fe0-0b2091ff05ac,6457fab7-b7f1-4f6b-84be-cd713e36070d,acb633c4-e7e7-4ee1-b539-07b05a2ac5d4
15828630-7d0d-4ac5-8707-915879a90943,UC Davis,Aggies,UCD,1905,Gunrock the Mustang ,Aggie Fight ],0,8fd1a800-657d-4391-ab1d-6abdd05645cc,6457fab7-b7f1-4f6b-84be-cd713e36070d,ef6e4242-101e-44d9-b2c4-e93eb9e6ebf7
e7268e7f-a453-4f46-b005-689d1d4966d4,Utah State,Aggies,USU,1888,Big Blue,Hail the Utah Aggies,0,82fb0ec0-4f49-4ab9-9bcc-fe782b015210,43d3cede-6b8f-4158-bc7f-c3c7365e5b32,005c634f-8de4-4b05-9dee-3e56c31b255b
7c1ea83e-f07b-46dc-9bb1-7130de8c502c,Augsburg,Auggies,AUGS,,,,,29a74ca3-7c09-4d54-8d0f-62c15ee03cdc,5f7c0a15-2b79-4ca4-b320-136d9495d1f7,
d5199a36-7f26-4c3b-be48-9599039e232c,,,,,,,,,,
3c2c21d3-4a85-4460-bed7-2b49590e66a9,,,,,,,,,,
59d0852a-b283-4829-af63-60553fbafdeb,,,,,,,,,,
91dcaf5b-8abf-46cc-a447-fc812f69ccb9,,,,,,,,,,
eba016ef-816a-41f0-aaea-15a143952bb3,,,,,,,,,,
fa355cca-bfb2-4282-9656-3e1869d26eef,,,,,,,,,,
42a9a18b-b59a-408b-8cab-4e49cbe2c23a,,,,,,,,,,
c433c333-2eb6-4592-8516-e325b736dfee,,,,,,,,,,
2d7e35bc-a88b-41e3-8c1f-be8ef9520086,,,,,,,,,,
7dbca160-b9d8-4da4-8176-2445cb4b34d2,,,,,,,,,,
844c8d83-ee90-46a1-a943-2b5db4c5cb21,,,,,,,,,,
bcacfbac-3ab1-4d80-b852-943fb58d4796,,,,,,,,,,
8b8225f5-eb09-48ea-9120-cef081918b7a,,,,,,,,,,
61ca5389-4b73-4a82-a4e0-98265a3a72a9,,,,,,,,,,
b1a9ddff-373c-43f1-a562-8c7a235d54ab,,,,,,,,,,
8a7fc6b5-bd34-4b66-8e08-8e6562b9248d,,,,,,,,,,
da45fbb4-54a4-4b21-8682-c26c5d85061c,,,,,,,,,,
a3d9d315-cbf9-44bd-bfcc-b91e756ac5f2,,,,,,,,,,
cc1b918c-1523-4412-8b1e-2219d88f11b8,,,,,,,,,,
b0708df4-2923-4756-8504-6a3bba7d70a6,,,,,,,,,,
2d0bdc23-f380-4903-97c2-06c7cb6c30f1,,,,,,,,,,
5fb09809-05fa-42cf-8636-311b8b4c2c04,,,,,,,,,,
930bc744-6ac6-4164-8bf2-c4b46ccaad21,,,,,,,,,,
bdd8a4ad-a454-434b-9a01-99c897743a44,,,,,,,,,,
0c89b920-116b-11ef-b1a7-c9f2f14cc42a,,,,,,,,,,
e3ad753c-88b0-4ae9-b6c0-2f726e2ecc24,,,,,,,,,,
dbc779da-a1bc-4743-bb7a-0922cfa333be,,,,,,,,,,
6fddb136-b83b-4f5f-8574-54e5581aeaae,,,,,,,,,,
865683f5-648b-44e6-a35b-9dc15e25d2b9,,,,,,,,,,
6b77703c-545d-4c17-a4bb-1fd0bf715257,,,,,,,,,,
60bf074e-d9de-4b4c-826d-dda5cbdd33df,,,,,,,,,,
0a05210a-81f7-4d04-80e5-4ba6ee748ccd,,,,,,,,,,
3522e1d5-7dc6-4586-a14f-276f56e0c60e,,,,,,,,,,
6923fb41-a948-466b-becf-eafb33cc75f9,,,,,,,,,,
5ce8eec9-67a2-4993-8897-6faaa4d28f94,,,,,,,,,,
d23058c1-7aaa-44cd-995b-b4be7078df22,,,,,,,,,,
cd66228e-16d4-4753-8af9-d40f0bdc24d6,,,,,,,,,,
3ed71f8c-b9ac-4984-955b-4284b0430cd2,Central Connecticut State,Blue Devils,CCSU,1849,Kizer,C.C.S.U. Victory,0,f8037397-7826-4ad9-a5d4-15868fae76df,6457fab7-b7f1-4f6b-84be-cd713e36070d,bdd846b5-b655-4ac5-b433-fa24a91f3fe5
43fbaf17-d217-4033-8b54-208ad18ff305,,,,,,,,,,
5155d0e4-f13a-4720-9d4c-1530301cf19a,,,,,,,,,,
deb0920f-c4ca-414d-be4b-ca779e353bf0,,,,,,,,,,
a17404cf-ae20-4bff-bef5-24f70008b2e0,Presbyterian,Blue Hose,PRE,1880,Blue Hose ,"On, P.C.",0,c320231c-eec0-4b9c-b09e-016280763cf2,6457fab7-b7f1-4f6b-84be-cd713e36070d,898e9169-9370-4c2c-a4df-48dec30e89e0
78d9748b-6b4f-421b-853f-94073d8c2e02,Urbana,Blue Knights,URB,,,,,663b118f-d664-4fd2-adea-7dbd1f997e12,0c37e018-9a60-44dd-88af-e28ce4a4184b,
a12fcb3c-9e0c-489d-a6a9-1a206c3da09c,Ohio,Bobcats,OHIO,1804,Rufus the Bobcat,Stand Up and Cheer,0,4315f6ac-97c0-49a6-b218-a8768ab65ea7,43d3cede-6b8f-4158-bc7f-c3c7365e5b32,4eabf6a3-e956-466c-9e19-95d03fb2f325
99562f49-a84d-4f6f-9ad4-949773430431,Middle Tennessee,Blue Raiders,MTU,1911,Lightning,MTSU Fight Song,0,359cd6eb-de34-4ae2-90a2-6e80e4d4ff62,43d3cede-6b8f-4158-bc7f-c3c7365e5b32,b07ff7f8-8aad-4249-970b-6a65032e6f04
d7deff91-48fd-4aa2-b7da-5be3517143c8,Lindsey Wilson,Blue Raiders,LW,,,,,eb7f8197-a82d-4ab3-831b-5a2c647618e0,a590be2a-ad78-4ca1-818b-a14b4c369100,12f10ec4-49ec-4e2b-ae32-d913c2137ebd
1d51ddc4-d2db-4564-97ad-5c9f964d8ea3,,,,,,,,,,
9e028d90-7fe0-4a3f-8a6c-c5b5115e12fc,,,,,,,,,,
fefae711-b307-4fd4-b0d2-c9df51f5ae1c,,,,,,,,,,
bd1150c0-af37-428a-b0bb-bd76407cf631,,,,,,,,,,
a1a53b67-106e-4e1b-8a0d-a1d9790f6fda,,,,,,,,,,
0c59b9f5-6261-4aec-a491-d5a6a53f3e50,,,,,,,,,,
273a5eb0-d148-11ec-8af1-3598bba809d8,,,,,,,,,,
485dd62f-108c-4e32-b171-27f5d493552d,,,,,,,,,,
aedf6f4b-e7d6-4c63-a6dd-6ab562d98a01,,,,,,,,,,
cdcf2530-0b9e-4f02-93af-60bf33d0adf1,,,,,,,,,,
91d87a56-9af9-4fc8-bdcf-7c4d3c9f649b,,,,,,,,,,
35aa5295-ad07-4b95-aad2-63d1d5bf9009,,,,,,,,,,
b5f83caf-279b-403c-bb8f-0a50ec1306a8,,,,,,,,,,
af94065a-fb86-4671-88d5-c31553eb92c1,,,,,,,,,,
398eda2b-ba77-469f-94df-18fd1d9087d8,,,,,,,,,,
ed169b71-75b4-40dd-ae28-8e17519c06ba,,,,,,,,,,
2c40eb6f-f0ac-4d48-b47c-449efb705e6a,,,,,,,,,,
9a6d6f3f-021e-4ddd-8fac-ac4766239d87,,,,,,,,,,
d5a80ec8-0cdb-401e-a68b-a646d30b3554,,,,,,,,,,
ba0c6a1b-ff0c-4b8e-acab-08465b68b00b,,,,,,,,,,
0615f585-7564-4334-a0d0-ad00413ab7ae,Ferris State,Bulldogs,FERST,,,,,65e9fcaf-9ab3-484c-a238-150424c38159,0c37e018-9a60-44dd-88af-e28ce4a4184b,
0d55a067-6556-47ac-b720-fc534c93ffce,Wingate,Bulldogs,WU,,,,,151998c5-80e4-466f-aafe-0c25eb62de75,0c37e018-9a60-44dd-88af-e28ce4a4184b,
a18d7cf8-1263-45f2-a938-04032d2f7cf5,,,,,,,,,,
2a6b725c-1f92-4fbe-b2f1-991045bfe4cc,Minnesota Duluth,Bulldogs,UMD,,,,,a3dc8d14-691d-4919-8b16-28c3f121901d,0c37e018-9a60-44dd-88af-e28ce4a4184b,
49be60dd-4441-4c13-a714-b4e28c5e1cdc,,,,,,,,,,
aae73600-d8ab-11ed-8008-21e6e877c549,,,,,,,,,,
54203e84-4fcb-4a0e-9934-a7ad58326b5d,,,,,,,,,,
f8aa1b62-9622-4a2b-a202-e16d4fb9b90b,,,,,,,,,,
42fbc094-1663-4481-a4d2-3ae43ce58c05,,,,,,,,,,
5bf6e8b8-2a02-4906-8253-08f967dd3c2c,,,,,,,,,,
2eef738d-c637-4b12-b8df-4b79efcce71e,,,,,,,,,,
6653b9f3-44c6-4b23-8d15-d32aebdee1f9,,,,,,,,,,
7b5a4b0e-d443-469e-8639-a27f8a3b5d55,,,,,,,,,,
1003f810-14bf-11f0-9f36-d9ba58a137df,,,,,,,,,,
558f07ed-85b3-447d-bdd2-9cd98ca3a547,,,,,,,,,,
43838b74-5606-4a4c-b8bb-9e6072e45031,,,,,,,,,,
4b7ab0a0-c1e3-4a58-b679-77353e70a5eb,Drake,Bulldogs,DRKE,1881,Griff,D-Song,1,c320231c-eec0-4b9c-b09e-016280763cf2,6457fab7-b7f1-4f6b-84be-cd713e36070d,d80a63f2-ce57-4312-833d-72bf8ba6f1b5
98f25c6f-f79c-447b-8131-700f826d388a,,,,,,,,,,
56ba7533-3ea8-4ae9-a192-3ea51a7b0b90,,,,,,,,,,
f049d124-7d8f-4259-b257-ad154c4d5964,,,,,,,,,,
0e06bfbe-01ef-414d-a6a7-53432f547586,,,,,,,,,,
1032f2f8-6a94-43dd-9cdd-03a36804cb89,Union (KY),Bulldogs,UNIC,,,,,68307cdb-1510-49f9-a185-5e0811d0368d,a590be2a-ad78-4ca1-818b-a14b4c369100,
7cea6bcb-8ecd-4c92-9b13-31345051ab82,Stanford,Cardinal,STAN,1891,,Come Join The Band,2,2170ce1b-7bce-4645-a5d9-1c11f6454c94,43d3cede-6b8f-4158-bc7f-c3c7365e5b32,a338a835-dd2b-4723-a886-d761bbaf491d
4571a7ab-a595-4cd8-a06e-fcb6f722fe00,Montana-Western,Bulldogs,UMW,,,,,310a49d2-421b-4f00-9b6c-2e5cf312c9f6,a590be2a-ad78-4ca1-818b-a14b4c369100,
eacced25-52d9-4c27-ab9d-ea9aef995e82,South Florida,Bulls,USF,1956,Rocky D. Bull,Golden Brahman March,0,49602742-5d66-412e-8a58-ab1e613d593c,43d3cede-6b8f-4158-bc7f-c3c7365e5b32,11833950-c0a5-4188-8a82-b5488211ca80
5fb529f6-f6b3-4892-a188-9b38addcc9a3,Buffalo,Bulls,BUFF,1846,Victor E. Bull,Victory March,0,4315f6ac-97c0-49a6-b218-a8768ab65ea7,43d3cede-6b8f-4158-bc7f-c3c7365e5b32,9dce8c9b-13c6-41a7-a280-4d8993a594f3
9f7a0ea2-afe0-4eae-b5de-3c31910c600a,,,,,,,,,,
f4c3d977-2524-496c-be24-e7710916c92d,,,,,,,,,,
29a01b87-f6c2-487b-a0ad-4d6d2d72f16f,,,,,,,,,,
17e615ac-9e5e-4b7e-b148-79cfbc2009eb,,,,,,,,,,
8109f68e-0caa-4dab-92fe-eb862c6e39c5,,,,,,,,,,
7106ebd0-dbf7-4202-a06d-915e8073e317,,,,,,,,,,
1507970c-7b7f-442c-8b52-bdac5f697380,,,,,,,,,,
1e8edb90-ea5e-4663-9a65-a30e51583711,,,,,,,,,,
5cecc23b-cb18-49f2-85ef-3717063e9dca,,,,,,,,,,
5b0018d4-52d0-4b53-b90c-2c597298a4bb,,,,,,,,,,
31303230-d14a-11ec-8af1-3598bba809d8,,,,,,,,,,
858b3a2b-f9c3-4497-a707-733cc1ea7516,,,,,,,,,,
8eef39af-bedf-48bd-8446-368e57bfb7b9,,,,,,,,,,
6489c587-507f-46a1-a3eb-ee9c2eee23f0,,,,,,,,,,
218752b3-df1a-4899-bc70-653ea15038ed,,,,,,,,,,
38756550-52d5-4713-ad46-014e8a3551da,,,,,,,,,,
b8828f0f-d7bb-4e7e-a278-854f509838e1,,,,,,,,,,
8c01427f-021a-449f-8fc8-e8c6ed01f340,,,,,,,,,,
297459ac-a24e-4523-a17b-0ec761d4601b,,,,,,,,,,
164b6de9-f682-45de-9cef-ace3558bffbc,Concordia-Moorhead,Cobbers,CONC,,,,,29a74ca3-7c09-4d54-8d0f-62c15ee03cdc,5f7c0a15-2b79-4ca4-b320-136d9495d1f7,
4736be13-a5c5-4477-991d-d3f57a306bdf,,,,,,,,,,
3d924b68-94e8-497d-bcbb-37eef4ff911f,Eastern Kentucky,Colonels,EKY,1874,The Colonel,"Hail, Hail, Eastern Maroons!",2,9ff5f231-e383-11ed-951e-a5f529384569,6457fab7-b7f1-4f6b-84be-cd713e36070d,12f36dc5-090d-413c-8330-da761d3a1bcb
03aa49b8-9a36-4e77-adf1-01cc5e2e6a14,,,,,,,,,,
98833e65-ab72-482d-b3c0-13f8656629c0,Nebraska,Cornhuskers,NEB,1869,"Herbie Husker, Lil' Red",Hail Varsity,5,cddff7c9-65e1-4fe0-b052-87fd4213fbfe,43d3cede-6b8f-4158-bc7f-c3c7365e5b32,6c656e44-7186-4da9-adfe-0d341bcacf86
ca14dc14-dfcf-4326-a7be-898a5bcd595b,Azusa Pacific,Cougars,AZPU,,,,,5ea721b5-367a-499e-9a53-ef761087b8d7,0c37e018-9a60-44dd-88af-e28ce4a4184b,
deea4446-2bee-4144-96bc-9f1e8ccceee8,Nicholls State,Colonels,NICH,1948,Colonel Tillou,Nicholls State Colonels Fight Song,0,499f3a80-13bc-4efa-8297-02a3383bb620,6457fab7-b7f1-4f6b-84be-cd713e36070d,00828546-ccd4-4f57-89b5-3ceeee59b6df
c3938316-631f-41fb-8f89-2c566118228e,Robert Morris,Colonials,RMU,1921,RoMo,Go Colonials ,0,f8037397-7826-4ad9-a5d4-15868fae76df,6457fab7-b7f1-4f6b-84be-cd713e36070d,7552087d-9bab-4959-b92f-dc657441168c
8177772e-e8b5-44c6-8dc2-a745b863ec3b,Vanderbilt,Commodores,VAN,1873,Mr. C,Dynamite!,0,c7a491c8-d0f2-4ca1-9403-f82db4452dd1,43d3cede-6b8f-4158-bc7f-c3c7365e5b32,2f49d92d-c734-4794-bcd5-f830138ae93d
c5554609-655c-4e25-bf93-d6e6a98b0b6f,Mayville State,Comets,MSU,,,,,0640b507-31ce-453e-9a0e-675705aa5062,a590be2a-ad78-4ca1-818b-a14b4c369100,
ead657b1-f990-4b89-9402-761235cf3a20,,,,,,,,,,
a62b2dda-d22c-47bf-ad2c-60c66e64d8c7,,,,,,,,,,
fe17b7e0-9547-40e4-a5aa-f766c8c320bc,,,,,,,,,,
627b2e5c-3ba5-496e-9f9b-1c620247c1b7,,,,,,,,,,
38157fcd-b2d8-4ecf-ad50-272f8228bf34,,,,,,,,,,
1ff5428d-2e8c-4b0f-a5a6-ebff126111a2,,,,,,,,,,
e346442f-9228-4e94-8e9a-376c5ef7e796,,,,,,,,,,
efc41557-a738-43fa-9519-8fd0734923f9,,,,,,,,,,
0a2ac5e2-3a44-4ced-ac1e-5089fcbacf92,,,,,,,,,,
ce773fda-b51b-40d0-84f8-51b3a174884c,,,,,,,,,,
c41c02cb-b5ae-45d1-b88d-06d7c68feb78,,,,,,,,,,
19775492-f1eb-4bc5-9e15-078ebd689c0f,,,,,,,,,,
ed00911e-77b3-456f-a690-2168e35f9531,,,,,,,,,,
30919b0c-7316-414f-a393-7151252438cb,,,,,,,,,,
87fcaa51-93ab-44a6-8236-23d73fb73226,,,,,,,,,,
3ed1a496-46af-4c0e-be37-c76ee352d702,,,,,,,,,,
2d2b2690-4c17-4acb-ae39-044b36f14758,,,,,,,,,,
650f0a5a-9ef7-4098-ac9d-42b3645646c4,,,,,,,,,,
3d32a14a-55e7-429a-9f6f-39aac5955191,,,,,,,,,,
d335c726-44aa-4b69-8271-59d42d691cba,,,,,,,,,,
7d99220b-0148-457e-a802-5b395f54462d,,,,,,,,,,
a9d1dba3-d83d-49ec-94cc-ddbf57c5a649,,,,,,,,,,
d476d0cc-db5d-463d-ae30-5075ecb3c548,,,,,,,,,,
8d651eb7-14f8-4bae-a490-276cef79111b,,,,,,,,,,
5649d2fc-1e64-44ac-a0f2-9d96db4769e9,,,,,,,,,,
22739891-4203-4907-9b2c-2a416d007105,,,,,,,,,,
5c218a3b-a013-4037-97b6-603c9502b701,,,,,,,,,,
b59ad9ae-b8ec-4f8e-9bd2-ec5b4af41e57,,,,,,,,,,
d20f9ddf-39c6-4c9a-8871-6a2c7d85adf6,,,,,,,,,,
f4a0ba75-0d10-4ef9-95ac-66eaa44e0851,,,,,,,,,,
4c834350-f09c-11ef-84f9-1bccf517e62b,Wisconsin-La Crosse,Eagles,UWLC,,,,,761bddcb-89e4-4ba7-9bc9-6d5dce0af9fa,5f7c0a15-2b79-4ca4-b320-136d9495d1f7,
28f2ce75-b0ca-4cd3-a313-379168b0da95,Morehead State,Eagles,MORE,1887,Beaker,"Fight, fight, fight for Morehead",0,c320231c-eec0-4b9c-b09e-016280763cf2,6457fab7-b7f1-4f6b-84be-cd713e36070d,cd3055c9-e9df-40c2-ba06-9bef851db7a5
63297e60-1982-11ed-99fe-2fc534480fcf,Faulkner,Eagles,FAUL,,,,,576b61f7-e51b-4e3e-aee3-d377d45be229,a590be2a-ad78-4ca1-818b-a14b4c369100,
1ec48c6a-638f-4a79-a134-ec43bd506612,Georgia Southern,Eagles,GASO,1906,"Freedom, GUS","Eagle Fanfare, Georgia Southern Fight Song",0,b47f1b7f-3fb9-45e0-b9bc-639d729b733c,43d3cede-6b8f-4158-bc7f-c3c7365e5b32,d3191a90-4fa2-4201-9713-e60118c2eac7
1be9f15a-922a-4eb3-bcf1-d40bd5a82423,Reinhardt,Eagles,REIN,,,,,68307cdb-1510-49f9-a185-5e0811d0368d,a590be2a-ad78-4ca1-818b-a14b4c369100,
f8e7c5f8-5865-4e7c-b221-c88a464f8f28,North Carolina Central,Eagles,NCCU,1910,Eddie the Eagle,Dear Old N.C.C.,0,6973b296-7d94-4d07-9f83-c9576b315f91,6457fab7-b7f1-4f6b-84be-cd713e36070d,ae3177a3-ec09-4fc6-b020-d2d1de8aa385
20827bfd-4930-4921-8273-1802423e2be7,,,,,,,,,,
fc96c960-dd08-11ec-ad0e-ef7bd5e8ba49,,,,,,,,,,
0fdbf00d-49c6-4c31-abb1-b40cab08c40e,,,,,,,,,,
414c082c-c3b2-467f-b37d-0f08804a0f60,,,,,,,,,,
3a4dd01a-14f3-4d0e-bf80-6b9a1f9ce508,,,,,,,,,,
ea3082ec-f885-4a98-82e6-1893401e79fe,,,,,,,,,,
e53144d2-4305-422f-a4ce-43b4341cc2fc,,,,,,,,,,
7c3b8861-5e43-4d9d-b928-3cfd61e910ad,,,,,,,,,,
11858510-3663-4a1c-ae7f-0eb91c4c5066,,,,,,,,,,
ab9ce3fe-c326-4524-99fa-cb88def8e647,,,,,,,,,,
397830a6-c9c2-4c76-bcbc-cb1cdba768f0,,,,,,,,,,
9f40a53c-d4bc-4d58-8208-2227634f9454,,,,,,,,,,
a9ea6143-d1c9-414d-81ff-7c57a10baf1f,,,,,,,,,,
52b8ad3d-67ba-45dc-ada8-a6a40844c56c,,,,,,,,,,
2731fb80-0018-48db-98cf-654bed5cdd46,,,,,,,,,,
9cdcab2b-d599-44dd-9939-c4e6d59587cb,,,,,,,,,,
d7f19bff-74e7-4b71-a221-12dfeb144fd8,,,,,,,,,,
0d03d2d6-1243-4b1f-b3c8-45be1145ac7b,,,,,,,,,,
2d824a5f-e706-45b8-9d20-434ed5dd5c2f,,,,,,,,,,
018452d7-9b83-402b-9428-c8a34e87df5b,,,,,,,,,,
ff1fb4d9-06b0-4ff3-a931-53e0071b2cf4,,,,,,,,,,
125d1620-8b51-4d2e-9cc5-17370add86a2,,,,,,,,,,
4318b2b7-0b61-4509-b776-001b08c09dcc,,,,,,,,,,
4c292bfb-5e41-4821-9429-f33c74606fd0,,,,,,,,,,
a92d587c-2564-4935-a9e4-d26d6437c171,,,,,,,,,,
e2492d05-9414-41fb-b7ef-99b27cf358e6,,,,,,,,,,
c765cbff-99d8-4c43-8f6b-e49577ca18fa,,,,,,,,,,
eed7f0d6-72e6-4488-8baa-5ee8e3375ba9,California,Golden Bears,CAL,1868,Oski,Fight for California,5,2170ce1b-7bce-4645-a5d9-1c11f6454c94,43d3cede-6b8f-4158-bc7f-c3c7365e5b32,d99f6e35-5322-474f-a256-9ef5f7f077c8
dfe2c339-976b-4bb6-b940-5b0eba3b21b5,,,,,,,,,,
eb76bf18-c5ae-4075-ac07-589b8b0a8432,Kutztown,Golden Bears,KUP,,,,,b42fbccc-5182-40bf-8d99-213a80dcf327,0c37e018-9a60-44dd-88af-e28ce4a4184b,
e1e5cda1-1ba9-4e43-bf0a-178c5e790ca2,Johnson C. Smith,Golden Bulls,JCSU,,,,,327bb2ce-9582-4e8e-adcb-d297ed656d32,0c37e018-9a60-44dd-88af-e28ce4a4184b,2a99aa05-f3ef-406f-99a8-3de7340dda61
7b1dbcdb-34b2-479e-9b6b-4c7221e7f743,,,,,,,,,,
a4393e78-2c8a-4781-bab4-03503bfff141,Western New England,Golden Bears,WNEU,,,,,0b87cfb1-c1c5-4033-bbc2-4890d344b97f,5f7c0a15-2b79-4ca4-b320-136d9495d1f7,
f33ab85a-2f44-43ea-85e0-155e97561b8e,,,,,,,,,,
8f94c0ae-65d7-4d7c-95ef-d799e6123f24,Clarion,Golden Eagles,CUP,,,,,b42fbccc-5182-40bf-8d99-213a80dcf327,0c37e018-9a60-44dd-88af-e28ce4a4184b,
7a04d7e0-90cb-4497-8622-c53e284c2c19,Southern Miss,Golden Eagles,USM,1910,Seymour d'Campus,Southern Miss to the Top,0,b47f1b7f-3fb9-45e0-b9bc-639d729b733c,43d3cede-6b8f-4158-bc7f-c3c7365e5b32,7dc4adc9-2066-4a1a-ab91-782d3c9ae5d4
6d775a8d-4511-4b1a-9bac-164e363db32e,Charleston (WV),Golden Eagles,UCWV,,,,,663b118f-d664-4fd2-adea-7dbd1f997e12,0c37e018-9a60-44dd-88af-e28ce4a4184b,
96c9ed4c-75c8-4141-9a46-e38855b13087,,,,,,,,,,
86fd55fa-3c1e-4dbe-beee-1853dbc88900,,,,,,,,,,
6f81c322-8398-4f16-83ee-d10cd85e2184,,,,,,,,,,
83bca544-81f2-46cd-8f83-3fe8dbd73a33,,,,,,,,,,
224af2d3-3f5d-4a5c-9794-31c393ee77d3,,,,,,,,,,
073da9d4-85ed-4d25-8834-c71e573838b2,,,,,,,,,,
709c25ab-2674-4d9f-9571-69c5ee9363b6,,,,,,,,,,
fea49201-c661-4cb0-b418-20290773e884,,,,,,,,,,
776b1d36-eb57-437c-8827-1344b03c7593,,,,,,,,,,
cf0465d2-4f02-49ce-b69c-cefb4608c1c6,,,,,,,,,,
dc99beff-fa60-40a8-8b8a-316f7cea3e93,,,,,,,,,,
d37b8146-a1f6-4f57-8569-884073b3d071,,,,,,,,,,
e2a2c23d-3d8d-4f9e-9bed-8a432071f1a7,,,,,,,,,,
d89b5e61-f3e4-4cf5-98c1-f7e0ec9a76ab,,,,,,,,,,
6551124f-312e-49c8-87c4-d1cba14133c7,,,,,,,,,,
86ea7237-2634-4ce2-bbc4-6538776b930e,,,,,,,,,,
71bda4ee-51cd-448e-a720-bb88f932a4b9,,,,,,,,,,
50f19320-e5d1-453b-8565-469703ef1697,,,,,,,,,,
276cc093-ab3a-4298-8dfe-694dbc153525,,,,,,,,,,
775f81ea-0942-458c-8e7a-e24f98800ac3,,,,,,,,,,
5b99da48-b028-440f-b600-65c50cb8a1d4,,,,,,,,,,
71b631c0-4e39-40c1-9112-555e90c9313c,,,,,,,,,,
a5348624-82b2-41e6-b748-492821883610,Saint Anselm,Hawks,STA,,,,,74cb3095-362a-4c90-8c61-24b979a0df6c,0c37e018-9a60-44dd-88af-e28ce4a4184b,
6d5ccf66-48ec-4bb7-98c3-99f50207a221,Quincy,Hawks,QU,,,,,cd553725-acbe-496a-bae9-ed8ab6456a50,0c37e018-9a60-44dd-88af-e28ce4a4184b,
af0fddc6-0c32-490c-a7a2-5be5dda97999,Shorter,Hawks,SHRT,,,,,2d58e0bd-e249-48f5-b531-c22f5cf6e264,0c37e018-9a60-44dd-88af-e28ce4a4184b,
465236db-280e-49a6-9575-feb4ca20b9b4,,,,,,,,,,
542d0895-0f3e-4ef8-a2fa-99cfad478e2b,,,,,,,,,,
a2ee495d-37c7-45ac-ac3d-d3a492a219c1,,,,,,,,,,
6b1ebd18-bdfe-4fae-b53b-280b8d8c66dc,,,,,,,,,,
018e079b-3848-49bf-8fc6-2d44bbc120a0,,,,,,,,,,
091bd8fc-f3e8-4245-834d-44bfdbb4398c,,,,,,,,,,
a5431871-5205-4288-bb00-72fc0360523d,,,,,,,,,,
e65ef52d-6a34-426e-816e-040258d2f33b,,,,,,,,,,
fa0eb091-8e35-49c7-b00f-269794a99a61,,,,,,,,,,
5a9498fc-bae2-49d2-af1d-e13d07f4e68f,,,,,,,,,,
a09e634d-39a8-4aa8-81a4-7337580a31f4,,,,,,,,,,
8ddf8cd0-faec-43e4-b194-2ebc0eb6dfa0,,,,,,,,,,
a4519544-6513-4ed9-bc6b-3b8c415530c3,,,,,,,,,,
b5bacc1b-c282-4d2c-b687-747e5c612169,Concordia (AL),Hornets,CCA,,,,,ab0298d3-527e-40c8-ae4b-f328e5303aa6,aa5db6ca-f9b2-4ab9-8e07-6a249ddf0c82,
fce005d9-c29b-4f9c-836b-92a25e765f28,,,,,,,,,,
ce6b4938-8af7-425d-a420-099f55c136ce,,,,,,,,,,
d8c41c53-e302-4425-b95d-532bdbf868a2,,,,,,,,,,
a610942f-820c-4fc7-9a32-79df473a3e6b,Michigan Tech,Huskies,MTU,,,,,65e9fcaf-9ab3-484c-a238-150424c38159,0c37e018-9a60-44dd-88af-e28ce4a4184b,bf0ee7a0-09ad-11ec-a067-9b4fd550fd6a
2f475a40-df87-43a7-b8a9-c36a43edff21,Miami (FL),Hurricanes,MIA,1925,Sebastian the Ibis,Miami U How-Dee-Do,5,2170ce1b-7bce-4645-a5d9-1c11f6454c94,43d3cede-6b8f-4158-bc7f-c3c7365e5b32,280bf6ac-33d9-4e2c-a4bd-af2612f61d00
0dc6b614-f6f6-435c-9872-a4d3be5d834b,Washburn,Ichabods,WASH,,,,,442a3894-7884-4de6-b564-f9c44ddb4a04,0c37e018-9a60-44dd-88af-e28ce4a4184b,
1a11c84d-18be-40d0-a354-f188958e16b1,UConn,Huskies,CONN,1881,Jonathan,UConn Husky,0,bd2f1da4-a5b6-4047-9494-612df34e9091,43d3cede-6b8f-4158-bc7f-c3c7365e5b32,12b0ae84-0692-4a15-adea-09ae2e1c39f0
7293edba-9810-444b-9df1-709c24d1c522,Washington,Huskies,WASH,1861,"Dubs II, Harry the Husky",Bow Down to Washington,2,cddff7c9-65e1-4fe0-b052-87fd4213fbfe,43d3cede-6b8f-4158-bc7f-c3c7365e5b32,1d2d7c40-a4b4-43ec-9463-c1fd1f483ce8
57efa70e-a3ed-463c-b1c7-7cf858fd4edd,,,,,,,,,,
bafc0723-5b94-41da-9212-ac368281659c,,,,,,,,,,
26878834-0b83-4589-b98f-815362ecd48e,,,,,,,,,,
0767c157-b084-4239-a684-954a22671bce,,,,,,,,,,
0cbc0bb6-596a-49da-a1cb-bfa42b5fcb56,,,,,,,,,,
e82960cb-8abc-4bee-9624-298bbb623941,,,,,,,,,,
47e6bd48-6207-4316-9b89-f1cfef889746,,,,,,,,,,
b6fa0a24-da86-4c1d-aed7-7aad175cd249,,,,,,,,,,
b01ba890-a0d2-4b04-a607-a2fc2f5fce86,,,,,,,,,,
e97cce3c-9114-4d11-8a72-51466cb417c8,,,,,,,,,,
86cd96cb-37a6-4dc1-9ab8-faca12b0ca99,,,,,,,,,,
d0212bdb-5dd4-4604-a221-9adf26e6fd4a,,,,,,,,,,
53aaad5a-b81b-490e-b04a-b650156cd1db,,,,,,,,,,
828f719f-d208-4c23-b69a-8db47318a7a8,,,,,,,,,,
e1672257-9c7e-44bd-b951-fb8483f5104c,,,,,,,,,,
1d1a6543-c77e-4f57-b215-cdaf0e45b0e2,,,,,,,,,,
0b1cdc10-d570-431a-90f1-c629130e9d5b,,,,,,,,,,
cc6be95b-af60-43db-ab5d-0bdcfd1614c5,,,,,,,,,,
8454ad82-5c77-4dfc-a034-8e257bc1c5f5,,,,,,,,,,
d34ce724-84bd-40b0-974e-d455f9d96f3a,,,,,,,,,,
f870de05-89cf-48fc-9649-8cfa325f8f66,Mars Hill,Lions,MHU,,,,,151998c5-80e4-466f-aafe-0c25eb62de75,0c37e018-9a60-44dd-88af-e28ce4a4184b,
5894d650-0c9e-11ef-8c2a-6d54ed8a6bb6,,,,,,,,,,
2516eb07-9a48-436c-b8ee-c14eae88a310,,,,,,,,,,
12271f62-34bc-47b9-9c9e-f35d9a1de4e6,Missouri Southern State,Lions,MSSU,,,,,442a3894-7884-4de6-b564-f9c44ddb4a04,0c37e018-9a60-44dd-88af-e28ce4a4184b,
2e13191e-eb51-4d25-a3c7-7dec1fbfd3c8,Lincoln (PA),Lions,LINC,,,,,327bb2ce-9582-4e8e-adcb-d297ed656d32,0c37e018-9a60-44dd-88af-e28ce4a4184b,
da19fd0e-e1e4-45a0-b962-6d6d4ce0b257,Mount St. Joseph,Lions,MSJ,,,,,6bf1311a-2333-4548-be17-8f1aa14f8e4d,5f7c0a15-2b79-4ca4-b320-136d9495d1f7,
2ffd2c8c-9100-46d1-8d33-6e154b0527fc,Southeastern Louisiana,Lions,SELA,1925,Roomie the Lion,Cheer for Southeastern,0,499f3a80-13bc-4efa-8297-02a3383bb620,6457fab7-b7f1-4f6b-84be-cd713e36070d,c6323dc8-9582-4a87-8c37-2ffb2a5fb548
fa28c870-d148-11ec-8af1-3598bba809d8,,,,,,,,,,
e7805203-b88d-42f2-8d9b-dd66b1b8ae3d,,,,,,,,,,
99c8011a-35c8-49d9-8ae7-36386b8a4e23,,,,,,,,,,
d123c57b-846b-431a-a211-0decf17f0e62,,,,,,,,,,
c5dea9dd-3129-40e9-ba3d-363f9411a30e,,,,,,,,,,
cf24d789-c074-4cae-b939-958e764e7e0f,,,,,,,,,,
ad6bc890-d8ac-11ed-8008-21e6e877c549,,,,,,,,,,
917a7888-4be2-4ad5-912d-32f79af931c4,,,,,,,,,,
c4ae5e6a-75dd-47ad-8a5f-6aa5b20cc2cb,,,,,,,,,,
95d70b20-14c0-11f0-93ea-170fec45e650,,,,,,,,,,
02cd61b6-2dad-4b3d-94cd-1c1c3cdbf3ad,,,,,,,,,,
ae68bc50-4135-47b5-b2f1-03d0669e54c8,,,,,,,,,,
73ab49c8-e08e-436e-bc12-092c34294d4d,,,,,,,,,,
52f28fe6-2823-4f26-80ce-605a04e624da,,,,,,,,,,
9019d9cc-d8e7-4241-99f3-9a335b2aabbc,,,,,,,,,,
3bf5f228-9e03-4050-bb38-b2347d1bf4f4,,,,,,,,,,
3797e777-4e75-413f-9866-f9f9ded35a8f,,,,,,,,,,
ece6b3f2-ffaf-4700-9b59-206f9791311e,,,,,,,,,,
02dc393b-f376-47c0-962f-8994a5d0b968,,,,,,,,,,
826d2817-9ee1-4d72-9079-a555ccb65e15,St. Augustine's,Mighty Falcons,SAU,,,,,327bb2ce-9582-4e8e-adcb-d297ed656d32,0c37e018-9a60-44dd-88af-e28ce4a4184b,
8d392cef-6e01-4cb7-ac37-b2a1878adea5,Missouri S&T,Miners,MZST,,,,,cd553725-acbe-496a-bae9-ed8ab6456a50,0c37e018-9a60-44dd-88af-e28ce4a4184b,
2732b3cd-06b1-4644-a813-23d253d60e9c,,,,,,,,,,
1e1e3a19-cb5a-48a6-b961-a5359d21812d,UTEP,Miners,UTEP,1913,Paydirt Pete,El Paso Fight,0,359cd6eb-de34-4ae2-90a2-6e80e4d4ff62,43d3cede-6b8f-4158-bc7f-c3c7365e5b32,1581135f-f4f3-4fc6-a492-ad3f42834a77
3a860a07-ec2b-4237-b6d0-45e018ebd6b7,,,,,,,,,,
b1ff8076-e373-4b6a-ab0f-7f8f86bf0370,Navy,Midshipmen,NAVY,1845,Bill the Goat,Anchors Aweigh,1,49602742-5d66-412e-8a58-ab1e613d593c,43d3cede-6b8f-4158-bc7f-c3c7365e5b32,c1bdffac-1291-45aa-9e4c-546c1d0e0f30
2a828de7-53d6-4a35-9f55-9aaa226956ed,,,,,,,,,,
7f6bddcc-db68-4bcc-9450-43274e5556ab,,,,,,,,,,
0d04c99b-4ff5-4cec-a172-e579a1f8f54a,,,,,,,,,,
c7384d59-3901-4342-8dbc-31801d925d11,,,,,,,,,,
f9892793-047e-4c2f-90c3-f705bc95e8a0,,,,,,,,,,
a615af19-5cf1-4377-80e5-70f77446094c,,,,,,,,,,
8bea15d4-278d-4578-a7b4-dcf3af54c334,,,,,,,,,,
bbd829f6-77b1-4ca0-8250-7dd95c47218d,,,,,,,,,,
decc2870-8660-4f2c-8674-fe05ee6b1b7e,,,,,,,,,,
7268f3da-94eb-43c0-86c0-a37f854d5c9d,,,,,,,,,,
da992ee8-f2dd-4196-a74a-c1ca4cd2d559,,,,,,,,,,
6ea445c8-99a8-4952-8979-d27b7a39e26b,,,,,,,,,,
f257221b-d99d-4b0f-b0e3-6a5bc3f9e165,Midwestern State,Mustangs,MWSU,,,,,9c49443e-fa63-446e-8b87-9e5d369c8392,0c37e018-9a60-44dd-88af-e28ce4a4184b,
1f2b538a-b87c-48e1-86e2-2396fdfc5bfc,,,,,,,,,,
ff330f91-bacc-4c43-b14e-604c58115ebd,Cal Poly,Mustangs,CP,1901,Musty the Mustang,"Ride High, You Mustangs",0,8fd1a800-657d-4391-ab1d-6abdd05645cc,6457fab7-b7f1-4f6b-84be-cd713e36070d,8ec1da62-b19b-41f8-8ca7-713ff86bbbdf
e38b87e4-46f0-448e-b155-853abea2b437,Lincoln (CA),Oaklanders,LUCA,,,,,ab0298d3-527e-40c8-ae4b-f328e5303aa6,aa5db6ca-f9b2-4ab9-8e07-6a249ddf0c82,
1cfcf55b-8038-46ad-9a6a-177090ea9b75,,,,,,,,,,
ec389220-dd6c-4055-b28c-7d1cc4268b86,Menlo,Oaks,MEN,,,,,a738a0f0-d2a2-4a42-b2ec-8e5c1b101e2e,a590be2a-ad78-4ca1-818b-a14b4c369100,
619c5384-3660-44ac-b2ad-597ccb3854c7,,,,,,,,,,
eeb3ce19-6ddd-4c91-afab-811c6cc81974,,,,,,,,,,
ec58cf3f-c432-40f7-b6c2-51c712ca883b,,,,,,,,,,
79a845fe-3a55-4db9-97ea-aa921e963087,,,,,,,,,,
6fad29be-d988-4014-9640-ad26a14d3bd1,,,,,,,,,,
e2debfba-6ab5-41e0-9bf8-ec652a3fbf7b,,,,,,,,,,
515e9431-e87d-4d3e-8916-3ecaa0a05034,,,,,,,,,,
83e1b5c2-16f5-4e61-a297-ee2213b6f767,,,,,,,,,,
935ac597-31d0-494c-801e-6d0b77d016b2,,,,,,,,,,
31cc5b49-fbc5-4aca-9196-fbcce6bc6ad9,,,,,,,,,,
c14ef8dc-4d15-401f-a47a-74f15f372b04,,,,,,,,,,
6eef6abb-cb49-4f47-8441-775461d12d4d,,,,,,,,,,
8cf5c880-678f-400e-b4c2-04ae676ed538,,,,,,,,,,
c951e9e7-f0b8-4da6-9913-b35572316314,,,,,,,,,,
e11948d2-4374-4e02-9453-2cbdf608a60a,Ohio Dominican,Panthers,OHDU,,,,,74997452-1234-43f9-8903-a1da76d6d591,0c37e018-9a60-44dd-88af-e28ce4a4184b,
a3b7b788-707a-48b7-96f3-96a156e8b1fe,,,,,,,,,,
8e99908e-4ff2-4465-8e1b-156dcf7aa69d,Florida International,Panthers,FIU,1965,Roary the Panther,Go FIU,0,359cd6eb-de34-4ae2-90a2-6e80e4d4ff62,43d3cede-6b8f-4158-bc7f-c3c7365e5b32,6e850f85-72c6-4760-9435-f3e5ff4d68c0
4f250a86-ca47-4a64-aa9d-a08580411e64,,,,,,,,,,
4f776283-3758-4325-b633-31a5be257a80,Georgia State,Panthers,GAST,1913,Pounce,"Fight Panthers, Panther Pride",0,b47f1b7f-3fb9-45e0-b9bc-639d729b733c,43d3cede-6b8f-4158-bc7f-c3c7365e5b32,fd518168-c4f1-4f3c-9be3-45adc4e32102
8e40ed14-9c8b-48a3-9b1a-d40e3c4be484,,,,,,,,,,
718baf86-e572-48ea-995e-776da3858fe8,,,,,,,,,,
3eaae970-14c0-11f0-93ea-170fec45e650,,,,,,,,,,
73b194d5-d0e3-49ac-a4a5-cce70ab62e5e,,,,,,,,,,
a5ef8db1-5d26-4d7e-af22-b21e380c16d2,,,,,,,,,,
9ffed847-1c74-4220-936d-c4ced74f4430,,,,,,,,,,
d70a06f4-b708-447b-b05a-f518695cda42,,,,,,,,,,
b3364bc0-f76d-11ee-a573-b937b2b50f42,,,,,,,,,,
0707e866-8121-4f10-b181-af607901ead2,,,,,,,,,,
5b790142-1e09-40cd-b06a-4c2e85893698,,,,,,,,,,
88006ae0-74e0-4d9a-a447-7c7bc3275a42,Tusculum,Pioneers,TC,,,,,151998c5-80e4-466f-aafe-0c25eb62de75,0c37e018-9a60-44dd-88af-e28ce4a4184b,
c33dd300-2cc3-4a53-ab01-be4d65c74e1e,,,,,,,,,,
868731af-6062-409f-841d-73e6f8ec3b99,,,,,,,,,,
e19e9d6b-2339-499f-a370-68142810c920,,,,,,,,,,
882d5415-fa65-40a0-9cdf-afe51ca30ce0,,,,,,,,,,
bfe1b361-fed9-4d5c-a98a-c1915ced488d,Hamline,Pipers,HAML,,,,,29a74ca3-7c09-4d54-8d0f-62c15ee03cdc,5f7c0a15-2b79-4ca4-b320-136d9495d1f7,
55da9c15-db47-49d1-9a39-78ef11f2051b,Hampton,Pirates,HAMP,1868,Pete,Hampton Fight Song ,0,7a56b889-96ba-4ec2-8fe0-0b2091ff05ac,6457fab7-b7f1-4f6b-84be-cd713e36070d,0dd407aa-6083-4493-ba33-eb6d64f672fb
46d9d950-d8ac-11ed-8008-21e6e877c549,Wisconsin-Stevens Point,Pointers,UWSP,,,,,761bddcb-89e4-4ba7-9bc9-6d5dce0af9fa,5f7c0a15-2b79-4ca4-b320-136d9495d1f7,
900df16a-e89b-4806-886c-f2413343d0a7,,,,,,,,,,
e3b9e7df-4b69-4d27-9948-59491c29be86,,,,,,,,,,
c4f1932a-16ec-45b7-a321-38acef929d03,,,,,,,,,,
053ad147-4bfd-406a-897e-04209cb444e8,,,,,,,,,,
2c6f6630-3015-11f0-89fb-dbc14ef36751,,,,,,,,,,
3a4f3861-0fb8-42e0-93b5-8fd41fa82192,,,,,,,,,,
c57c0ee8-068f-406b-a05d-974c717f82c1,,,,,,,,,,
67d944c2-f236-470b-bee6-85c58ab8094d,,,,,,,,,,
44c0deff-f542-4afe-a5c7-43df3bd51d5b,,,,,,,,,,
2dec939a-f303-43ac-964d-37e81f75e286,,,,,,,,,,
97673f68-cb54-4025-abe6-c8ea0e2ec7d9,,,,,,,,,,
bad5aaf6-1c72-4c27-9c34-10f915570646,,,,,,,,,,
84a2e6d9-1c1b-47f0-ba71-10dc03f05a0f,,,,,,,,,,
411a9916-0398-4b58-9210-fd81e5e6fe32,,,,,,,,,,
04f8c610-fe83-4b44-a3fc-02394869b81f,Colorado State,Rams,CSU,1870,CAM the Ram,Stalwart Rams,0,82fb0ec0-4f49-4ab9-9bcc-fe782b015210,43d3cede-6b8f-4158-bc7f-c3c7365e5b32,4bf5bdde-2d8d-4b86-88a2-770dc8adbab5
716894ad-f6db-4f00-9282-1a10a18665d5,Shepherd,Rams,SHEP,,,,,b42fbccc-5182-40bf-8d99-213a80dcf327,0c37e018-9a60-44dd-88af-e28ce4a4184b,
f4593f19-1082-4238-b519-09faadbeca37,Fordham,Rams,FOR,1841,The Ram,Hail Rams of Fordham,0,034e3dea-6190-45d6-8dc6-ca52ba2d65c0,6457fab7-b7f1-4f6b-84be-cd713e36070d,5e4db3ce-14b1-4c91-a87e-850d62e83c96
afc35bbf-6f0a-4710-9034-edb2f4d0c1c1,,,,,,,,,,
ca9c4181-7c06-4e8f-b752-27ee5327295e,,,,,,,,,,
50767f7e-8543-4b94-b2b7-486ea647b5c1,Rhode Island,Rams,URI,1892,Rhody the Ram,URI Fight Song,0,7a56b889-96ba-4ec2-8fe0-0b2091ff05ac,6457fab7-b7f1-4f6b-84be-cd713e36070d,d99130a4-d546-48ca-9c11-9ab2ffd3d00a
c0e09611-893e-426c-ae6e-873a65f33b69,Texas Wesleyan,Rams,TWU,,,,,50a92c00-888a-40c3-b223-9624dec9f2bd,a590be2a-ad78-4ca1-818b-a14b4c369100,
dd048090-4399-420b-97bd-c0774ac89fc7,Northwestern Oklahoma State,Rangers,NOSU,,,,,eecdc945-d69b-489a-99e4-a2d2bb16bb24,0c37e018-9a60-44dd-88af-e28ce4a4184b,
cbf74a20-45d7-416e-ac9a-cb4965564005,,,,,,,,,,
52dc23de-c6ba-4467-b964-a433658eded2,,,,,,,,,,
37da21e0-fa1e-11ef-a78f-778dbdf44fb0,,,,,,,,,,
184584ac-2cee-4c66-b207-552fe3dc94ab,,,,,,,,,,
5f105ef1-4d01-45a5-bfbb-497ee86a8eba,,,,,,,,,,
851e306c-edee-414a-949d-c6a69f435a03,,,,,,,,,,
d4e8867e-8465-451e-b196-5e152769f023,,,,,,,,,,
6c04ed00-92e9-40ae-8a83-c4733e81f2b3,,,,,,,,,,
e3df6700-2881-4b02-a170-f397bb5718a9,,,,,,,,,,
22083fa4-8d9c-4ccc-8c33-cda772954099,,,,,,,,,,
fd1996f0-d33a-11ed-a207-11b55144eb6a,,,,,,,,,,
b33187c4-a906-4cff-b15b-f1bcb410a743,,,,,,,,,,
4eb165ff-ebe8-4a9e-8a57-34ec90f112e4,,,,,,,,,,
25a0e60a-2452-494b-8d9e-5177962cf569,,,,,,,,,,
0a15a1ce-e029-4a73-9cec-dabfebc6d549,,,,,,,,,,
72566033-9632-432f-b63a-3942e54bd7c5,,,,,,,,,,
e0f7a166-aa14-4979-9d7d-44f36c1e13a6,,,,,,,,,,
60190587-8218-4622-9a55-f33560b7d18f,,,,,,,,,,
692e1f0e-3c3a-4223-b2cf-7bbc58cf4977,,,,,,,,,,
03ccfba9-247e-42d3-b9ce-66cb2730c059,College of Faith - Charlotte,Saints,CFC,,,,,ab0298d3-527e-40c8-ae4b-f328e5303aa6,aa5db6ca-f9b2-4ab9-8e07-6a249ddf0c82,
23efdc8b-f31b-4827-bc04-15cdd9edbe78,Limestone,Saints,LIME,,,,,151998c5-80e4-466f-aafe-0c25eb62de75,0c37e018-9a60-44dd-88af-e28ce4a4184b,249112d0-3965-4f2f-a110-2e137de9f1e5
b845a41f-2606-478f-a458-3fee79588ad8,,,,,,,,,,
a60012f8-dc22-4c7d-9d1b-c00cdc3e9c97,Rutgers,Scarlet Knights,RUTG,1766,Scarlet Knight,The Bells Must Ring,0,cddff7c9-65e1-4fe0-b052-87fd4213fbfe,43d3cede-6b8f-4158-bc7f-c3c7365e5b32,811a4a98-cd29-4d1b-bf45-9f7e9e341cf8
bd0fbdec-b0a9-4fbb-860f-6ee0ddded24f,Southeastern Oklahoma State,Savage Storm,SOSU,,,,,eecdc945-d69b-489a-99e4-a2d2bb16bb24,0c37e018-9a60-44dd-88af-e28ce4a4184b,
2ed1462d-6670-4094-a86d-d723ae3b1886,,,,,,,,,,
c6ce892d-c14d-44cd-ad3a-7d4ed60ee1f9,,,,,,,,,,
f2874e00-e446-11ec-997e-b9b31b9613e9,,,,,,,,,,
a7fea04a-5e83-41b6-8311-bcdb80ea7f4b,,,,,,,,,,
3ef463a9-30ac-42a6-ab8c-ce34fb66ca79,,,,,,,,,,
68e4ccc3-2268-4089-af65-d891b0c9c673,,,,,,,,,,
311eb983-3141-4a6e-b61f-27ef1743b8fd,,,,,,,,,,
1c792ab1-d640-48f2-b796-6a81c7b14eaf,,,,,,,,,,
a676268a-159e-4625-bb5d-b3929c1f67f6,,,,,,,,,,
966bcc98-4e61-42cc-9de6-3151e002efe2,,,,,,,,,,
0fe698d9-b78e-4da5-bc92-c45d84671082,,,,,,,,,,
b3eaa1b0-3e95-417d-80e8-77d3b93f23ac,,,,,,,,,,
82adc0a0-d140-11ec-bd73-5fb6b9dd2642,,,,,,,,,,
5adcf237-519d-485c-aea6-81af204cb99b,,,,,,,,,,
f9e24477-caf3-4be2-ae6a-26dfcbb26cfc,,,,,,,,,,
642dacba-ddf7-4a1f-bcc8-72b0e6f74dc4,Stonehill,Skyhawks,STNH,,,,,f8037397-7826-4ad9-a5d4-15868fae76df,6457fab7-b7f1-4f6b-84be-cd713e36070d,8177e010-d13d-11ec-87b2-27dc91b1d2fb
42f93ad6-d650-4f44-9871-39d40945ad68,North American,Stallions,NAU,,,,,e602d087-f616-4805-99b6-3e24a524561b,a590be2a-ad78-4ca1-818b-a14b4c369100,
1cdf66a2-f157-4b4f-ad37-bd31e268f0ae,Michigan State,Spartans,MSU,1855,Sparty,Victory for MSU,3,cddff7c9-65e1-4fe0-b052-87fd4213fbfe,43d3cede-6b8f-4158-bc7f-c3c7365e5b32,9f8efea1-0b91-491e-a6b3-1adbddad8ded
edc91db3-9a77-4af6-aa9b-b8a67930ba51,,,,,,,,,,
90d576f6-50f9-42bc-aa31-92bfd0597cb1,,,,,,,,,,
dde53ce9-ee62-44e6-98c5-060a9a97bd10,,,,,,,,,,
af78bbe6-aae3-4a2b-af93-836bb0e35fad,,,,,,,,,,
242f21d8-7372-4359-a04f-4d467ead22d6,,,,,,,,,,
1e64a215-05f4-46ff-8840-058348de0d97,,,,,,,,,,
05639ea0-a3e6-4d56-b257-366545b0ff4d,,,,,,,,,,
dfde9bcf-f6ed-44a8-ae71-5b37245ad7da,,,,,,,,,,
31ae1b90-6963-4d51-86dc-c3420dc5d499,,,,,,,,,,
00fd8418-0e62-4366-9a2a-d5f72850066c,,,,,,,,,,
97d4ea8b-cd88-4689-b0b0-e59214166522,,,,,,,,,,
4c6f21e2-622f-4ea7-8667-4820ae54a16e,,,,,,,,,,
e2a7ee48-c096-4aac-a7a2-4f1f35baa835,Maryland,Terrapins,MD,1856,Testudo,"Maryland Victory Song, Maryland Fight Song",1,cddff7c9-65e1-4fe0-b052-87fd4213fbfe,43d3cede-6b8f-4158-bc7f-c3c7365e5b32,910a54c9-d15f-4e40-a39e-ae20da947833
c717c1e3-3ab7-439c-9b75-dff83fc138f5,,,,,,,,,,
24215f91-06e7-4d28-addf-10e499c15db2,,,,,,,,,,
f6dac8ea-c477-45f6-b6dd-aa4957acb09a,,,,,,,,,,
79368b86-8bb0-4c66-8189-b836d039c207,,,,,,,,,,
e7ce7680-f058-11ee-89df-6558e107cb95,,,,,,,,,,
46188043-b51d-41f5-9e76-b72ee3263ccc,Wofford,Terriers,WOF,1854,"Boss, Lil' Ruff ",Wofford Fight Song ,0,a15aa3a4-6fc3-4a25-be98-d0059836a060,6457fab7-b7f1-4f6b-84be-cd713e36070d,e0753c00-ecb8-4850-8db3-3e78484754a8
67f319bb-fdae-4d0c-81ca-544c08c86f94,Kentucky State,Thorobreds,KSU,,,,,cf3cc2c8-47ef-418d-8a25-94ab97588c37,0c37e018-9a60-44dd-88af-e28ce4a4184b,
bb4d3df3-9a14-4bc9-9e50-55ccf13623a9,Slippery Rock,The Rock,SRU,,,,,b42fbccc-5182-40bf-8d99-213a80dcf327,0c37e018-9a60-44dd-88af-e28ce4a4184b,
262fb885-6414-4d94-9cd1-5b53ab1a631a,West Alabama,Tigers,UWA,,,,,2d58e0bd-e249-48f5-b531-c22f5cf6e264,0c37e018-9a60-44dd-88af-e28ce4a4184b,
ed05b9d3-0086-49bb-9ea5-329ab0d0729b,,,,,,,,,,
fee68c38-6b2c-452a-968b-5dd2d363b18d,,,,,,,,,,
4b3b68f4-aa9a-4029-9a43-ebd174f43a0e,,,,,,,,,,
99b5c888-6981-4f76-9920-1f144ecd219d,,,,,,,,,,
fe3d6610-e0c4-49d2-bf20-3885dec77c94,,,,,,,,,,
24c7f92b-6d94-4e3f-b9ed-c1003ee7e85f,,,,,,,,,,
65736666-38a3-4737-9bea-785641533719,,,,,,,,,,
77ffe1ca-a84c-4779-9293-345dcfb2c4ce,,,,,,,,,,
187d4a95-91e1-4db4-a8dd-8a412bab73e4,,,,,,,,,,
95404613-f4f0-4280-ac27-85419215f8d1,,,,,,,,,,
7c3a4847-5a1d-422f-b15b-dcc5f8cc5e24,,,,,,,,,,
bd9c2213-ffd1-4009-aa75-37f5bdfc4f03,,,,,,,,,,
6e98e07c-0a7c-43f5-aeac-580f0bfe110e,,,,,,,,,,
ffca4209-dbfa-4597-b25a-ed19bb351037,,,,,,,,,,
f9ae197b-be07-4c7b-9149-2e134cf4b677,Texas Southern,Tigers,TXSO,1927,Tex the Tiger,Tiger Fight Song,0,9a657291-adc4-4a55-8e94-a2063d4b03c5,6457fab7-b7f1-4f6b-84be-cd713e36070d,bd84c6aa-cafb-4ecf-b21f-44253c99c854
c4d1b382-e6a4-4fce-aae8-d0a6ec133e8c,,,,,,,,,,
5057e06b-1f2a-49ec-87fd-af30ad27b6ef,,,,,,,,,,
772536c7-c3e8-40d1-ac6e-232d719dc052,,,,,,,,,,
e5bbd1bd-0d65-4581-8d9c-58b33fd5ce62,,,,,,,,,,
d7a03859-f629-4b91-af0a-3bd86a6a3e7f,,,,,,,,,,
f569e80e-ddce-4de6-a5cd-427f3e1454d0,Edward Waters,Tigers,EWC,,,,,916db4a1-2ed8-4373-b867-bbd8236f68e3,a590be2a-ad78-4ca1-818b-a14b4c369100,
fbd30b5d-6d84-49f7-abf1-c2c73f9e2458,Princeton,Tigers,PRIN,1746,The Tiger,The Princeton Cannon ,28,f9da8a38-d704-4a62-83fd-22ad5758446b,6457fab7-b7f1-4f6b-84be-cd713e36070d,e2f5eaae-e0e8-45b4-8cd5-3d6f7d048220
8320133e-859d-435a-b2bd-d3061afd07dd,Wisconsin-Oshkosh,Titans,UWO,,,,,761bddcb-89e4-4ba7-9bc9-6d5dce0af9fa,5f7c0a15-2b79-4ca4-b320-136d9495d1f7,
f5682334-edd4-42ef-a4fb-5a1474875b9b,,,,,,,,,,
3415df55-483b-47e9-a138-568151b1d773,,,,,,,,,,
ba400900-033a-11ef-ad9e-ef53d092d221,,,,,,,,,,
115a1013-4575-4c5b-b96a-9408deba6036,,,,,,,,,,
1238697f-d458-423c-856d-86dbfbfb42ff,,,,,,,,,,
91d73565-e7a5-492d-9b2d-0201fb2be141,,,,,,,,,,
36680161-4534-4723-bc72-84066a84ffe9,,,,,,,,,,
3faf7dcc-91ed-4398-86ba-80122955315b,,,,,,,,,,
00cbe6eb-c9c2-43d4-8158-6952066f0d2b,,,,,,,,,,
206ecad6-3883-4171-901e-f0b6578f036f,,,,,,,,,,
8f496f34-14e3-4ca7-958b-53f6da0b74d6,USC,Trojans,USC,1880,Traveler,Fight On,11,cddff7c9-65e1-4fe0-b052-87fd4213fbfe,43d3cede-6b8f-4158-bc7f-c3c7365e5b32,8df5b87a-35b7-474b-afc0-fc2c17d033f0
71c1879b-9dfb-43a2-8476-c9cd283c0827,,,,,,,,,,
00470517-9853-44b2-8ecc-4d90ea5a76b3,,,,,,,,,,
1e3f5ade-a73e-44d5-a042-0a32f291d6f4,Portland State,Vikings,PRST,1946,Victor E. Viking ,PSU Fight Song ,0,8fd1a800-657d-4391-ab1d-6abdd05645cc,6457fab7-b7f1-4f6b-84be-cd713e36070d,9c949dc9-c50d-4231-91b2-8b8d9a56e26e
28e1dbb0-1295-42ca-bda1-fddb122aed2b,,,,,,,,,,
e9c96540-09a1-11f0-9dc6-ad27af2cf889,,,,,,,,,,
987bccc6-f5c6-45a2-b0a5-a25702e5c3d5,,,,,,,,,,
72638a86-ccd4-46b6-aa0d-d14066b11966,,,,,,,,,,
c31df8a8-d67c-40b2-bc27-7cbf7210cae2,,,,,,,,,,
ac95cbb7-f2b8-4573-8963-dcff3acfbfd9,,,,,,,,,,
3b35771a-7df6-46d9-b018-3ad0d43afda8,,,,,,,,,,
e95bb7e5-4d32-4506-9aaf-7b7a3b47bb73,,,,,,,,,,
4e1fc37e-1106-4a3a-aba6-70d311cf7c80,McMurry,War Hawks,MCM,,,,,fb267c5d-cfce-41ca-b67f-8ba05d687961,5f7c0a15-2b79-4ca4-b320-136d9495d1f7,
6750e040-3194-4373-991f-dcd24a3e6734,East Stroudsburg,Warriors,ESU,,,,,b42fbccc-5182-40bf-8d99-213a80dcf327,0c37e018-9a60-44dd-88af-e28ce4a4184b,
7d4be479-e23d-451e-9533-b01fa875a782,Wayne State (MI),Warriors,WSMI,,,,,65e9fcaf-9ab3-484c-a238-150424c38159,0c37e018-9a60-44dd-88af-e28ce4a4184b,
f2ef8b8b-3e50-49a4-8aa1-1c4fa95b1e11,Winona State,Warriors,WSU,,,,,a3dc8d14-691d-4919-8b16-28c3f121901d,0c37e018-9a60-44dd-88af-e28ce4a4184b,
c8a2e426-e152-4c79-8f7c-33372a42e1a7,Webber International,Warriors,WEB,,,,,261eaf93-7726-4749-8581-06233b125d98,a590be2a-ad78-4ca1-818b-a14b4c369100,
dabbef22-d1d8-4974-9174-487ab0632026,,,,,,,,,,
5490b68d-5834-47d8-bddc-d78005b917f1,Merrimack,Warriors,MRMK,1947,Mack the Warrior ,Down in the Valley of Victory,0,29c942eb-1c30-4314-a6d7-305aaffab269,6457fab7-b7f1-4f6b-84be-cd713e36070d,516e0622-0fff-440e-8dd8-3bf49317b4bf
9ecb9f6b-df4a-4a92-aaa4-5d50a5286bdd,,,,,,,,,,
6370f943-c638-43f3-8c6b-740e6c4a8999,,,,,,,,,,
9784f0b3-d6ca-4c9b-9dca-377c40e76581,,,,,,,,,,
c6525318-4dc0-4080-8f8d-52ef0123d8a2,,,,,,,,,,
a30264db-f7dc-4ba4-b5f0-7d5ccdeae70d,,,,,,,,,,
57458416-bf4a-4191-b495-6ad4474bca4b,,,,,,,,,,
6ed1a628-7559-4e9f-98f5-1709d6a111fa,,,,,,,,,,
44164db9-62ff-4e9a-a7d0-1ba7cb719ea9,,,,,,,,,,
5941ffa3-cdd5-459b-ab61-fef120b929b2,,,,,,,,,,
3f2d922f-40aa-437e-8610-72f48d63d3d8,,,,,,,,,,
0a45c61e-24f5-4e76-a28c-0d2af432bf18,,,,,,,,,,
8c345b64-d751-44aa-852f-8c30db72ffdc,,,,,,,,,,
0dd26ea7-79fb-4ea8-bf48-7c31108e14a3,,,,,,,,,,
158b2ba8-ca8f-429e-b2e1-053ada5bf469,,,,,,,,,,
9e33183c-7e35-4738-9051-719dd7b32e9c,,,,,,,,,,
5a1b9269-0c98-48cc-9d0a-1692b9f52d0b,,,,,,,,,,
a7077ca3-a4e4-427d-9c8a-c16b9dcb3472,,,,,,,,,,
d24329bd-f636-475d-bccd-50fc18071945,,,,,,,,,,
cb71f759-0c22-4be7-babe-3cb849fd1b5e,,,,,,,,,,
c556a8d0-3c67-4a02-a3ba-2e74398ba3f2,,,,,,,,,,
dbfc255d-ee7c-4b1a-9b42-dd822f7ec901,,,,,,,,,,
2f75b2cd-5c06-4c39-a191-251c9a47376b,,,,,,,,,,
ddb9ab12-01d2-4d1c-b40d-39790c1837c7,,,,,,,,,,
d3e8c416-e643-4d5e-be9e-c598a150b234,Michigan,Wolverines,MICH,1817,,The Victors,10,cddff7c9-65e1-4fe0-b052-87fd4213fbfe,43d3cede-6b8f-4158-bc7f-c3c7365e5b32,5b559a78-26ac-4b95-909e-4580b81ab7d9
5c6f90b9-651c-4f9d-b118-9bee6b77ca80,Northern State,Wolves,NSU,,,,,a3dc8d14-691d-4919-8b16-28c3f121901d,0c37e018-9a60-44dd-88af-e28ce4a4184b,
0c8fc8f1-0659-49dd-8668-436c3812089e,,,,,,,,,,
5bd3392e-c876-45c3-aa04-3c668d1bec85,Newberry,Wolves,NC,,,,,151998c5-80e4-466f-aafe-0c25eb62de75,0c37e018-9a60-44dd-88af-e28ce4a4184b,
034ac81a-311c-49f4-8c45-ddcef7777bdc,,,,,,,,,,
3dbd5f40-3769-11f0-b33b-01ab33fae7a6,Western Connecticut State,Wolves,WCSU,,,,,5252072c-ad6c-4acc-80e7-6c24c87c7043,5f7c0a15-2b79-4ca4-b320-136d9495d1f7,
dd35a796-5290-4866-a4d2-4abc6849ba6d,Western Oregon,Wolves,WOU,,,,,5ea721b5-367a-499e-9a53-ef761087b8d7,0c37e018-9a60-44dd-88af-e28ce4a4184b,
e6d61910-fd59-4be8-b404-6d6223c1308c,,,,,,,,,,
25c0eb2d-d8a8-45e5-85ec-fcb99f6c655c,,,,,,,,,,
bf1b2f36-51cc-4d0e-b033-4c99e29dd6f1,,,,,,,,,,
4dfa3520-e83f-4810-b9b8-d4eebf6afd6c,,,,,,,,,,
a90583d2-3576-4abc-906e-974e84a4b2f0,,,,,,,,,,
14dd087b-eee6-4e89-a923-d9c0968c2309,,,,,,,,,,
dbeac1b1-17ab-475e-a485-c66573a55954,,,,,,,,,,
afd132f0-14be-11f0-9f36-d9ba58a137df,,,,,,,,,,
a15ba9c7-77a2-4ced-83be-f70d1cb92df6,,,,,,,,,,
5ff038e1-6e3b-4cbe-90b8-751f783cd7a9,,,,,,,,,,
